INSERT INTO book(id,title, edition, year_published) VALUES ('1','C++', 3, 2005);
INSERT INTO book(id,title, edition, year_published) VALUES ('2','Contiuous Delivery', 1, 2000);
INSERT INTO book(id,title, edition, year_published) VALUES ('3','Android in Action)', 3, 2009);
INSERT INTO book(id,title, edition, year_published) VALUES ('4','Gradle in Action', 2, 2008);
INSERT INTO book(id,title, edition, year_published) VALUES ('5','Javascript in Action', 11, 2014);

INSERT INTO author(id,first_name,middle_name,last_name) VALUES ('1','Jez','','HUMBLE');
INSERT INTO author(id,first_name,middle_name,last_name) VALUES ('2','Brian','','Kernighan');
INSERT INTO author(id,first_name,middle_name,last_name) VALUES ('3','Dennis','','Richie');
INSERT INTO author(id,first_name,middle_name,last_name) VALUES ('4','Bjarne','','Stroustrup');
INSERT INTO author(id,first_name,middle_name,last_name) VALUES ('5','David','','Chappell');

--INSERT INTO book_author(book_id,author_id) VALUES (1,1);
--INSERT INTO book_author(book_id,author_id) VALUES (1,2);
--INSERT INTO book_author(book_id,author_id) VALUES (2,3);
--INSERT INTO book_author(book_id,author_id) VALUES (2,4);
--INSERT INTO book_author(book_id,author_id) VALUES (2,5);
--INSERT INTO book_author(book_id,author_id) VALUES (3,3);
--INSERT INTO book_author(book_id,author_id) VALUES (3,4);
--INSERT INTO book_author(book_id,author_id) VALUES (4,4);
--INSERT INTO book_author(book_id,author_id) VALUES (5,5);


--INSERT INTO student(id,first_name,middle_name,last_name) VALUES ('1','Praneeth','REDDY','Muskula');
--INSERT INTO student(id,first_name,middle_name,last_name) VALUES ('2','Praveen','Kumar','Shethe');
--INSERT INTO student(id,first_name,middle_name,last_name) VALUES ('3','Dhamini','','Poornachandra');
--INSERT INTO student(id,first_name,middle_name,last_name) VALUES ('4','Sourav','','Banerjee');
--INSERT INTO student(id,first_name,middle_name,last_name) VALUES ('5','Ajay','Prakash','Prabandham');
--INSERT INTO student(id,first_name,middle_name,last_name) VALUES ('6','Arfaa','','Shariff');
--INSERT INTO student(id,first_name,middle_name,last_name) VALUES ('7','Manoj','','Verma');
--INSERT INTO student(id,first_name,middle_name,last_name) VALUES ('8','Hariharan','E','Narayanan');
--INSERT INTO student(id,first_name,middle_name,last_name) VALUES ('9','Hariharan','','Subramaniam');
--INSERT INTO student(id,first_name,middle_name,last_name) VALUES ('10','Shreeja','','Roy');
--INSERT INTO student(id,first_name,middle_name,last_name) VALUES ('11','Sourav','','Singham');
--INSERT INTO student(id,first_name,middle_name,last_name) VALUES ('12','Karan','','Kyanam');
